politician,press,top_keywords
이준석,동아일보,"이재명, 이준석, 단일화, 국민의힘, 김문수, 개혁신당, 서울, 더불어민주당, 포인트, 열린"
이준석,한겨례신문,"이준석, 이재명, 김문수, 국민의힘, 개혁신당, 단일화, 더불어민주당, 포인트, 열린, 윤석열"
이준석,조선일보,"이재명, 이준석, 김문수, 국민의힘, 개혁신당, 단일화, 더불어민주당, 서울, 민주당, 경제"
이준석,경향신문,"이재명, 이준석, 김문수, 국민의힘, 단일화, 개혁신당, 더불어민주당, 서울, 권영국, 토론에서"
이준석,중앙일보,"이재명, 이준석, 김문수, 국민의힘, 개혁신당, 단일화, 서울, 더불어민주당, 단일화를, 포인트"
이준석,오마이뉴스,"이준석, 이재명, 김문수, 국민의힘, 개혁신당, 권영국, 서울, 단일화, 윤석열, 민주노동당"
이재명,한겨례신문,"이재명, 이준석, 김문수, 국민의힘, 더불어민주당, 개혁신당, 서울, 포인트, 민주당, 열린"
이재명,조선일보,"이재명, 이준석, 김문수, 국민의힘, 더불어민주당, 민주당, 개혁신당, 부산, 서울, 대법관"
이재명,경향신문,"이재명, 이준석, 김문수, 국민의힘, 더불어민주당, 서울, 개혁신당, 권영국, 선거, 민주당"
이재명,동아일보,"이재명, 이준석, 김문수, 국민의힘, 더불어민주당, 포인트, 서울, 민주당, 개혁신당, 이에"
이재명,오마이뉴스,"이재명, 김문수, 더불어민주당, 이준석, 국민의힘, 지지를, 민주당, 열린, 지지, 서울"
이재명,중앙일보,"이재명, 이준석, 김문수, 더불어민주당, 국민의힘, 개혁신당, 의원은, 서울, 민주당, 열린"
김문수,한겨례신문,"국민의힘, 김문수, 이재명, 이준석, 윤석열, 서울, 더불어민주당, 개혁신당, 열린, 부정선거"
김문수,조선일보,"이재명, 이준석, 김문수, 국민의힘, 개혁신당, 단일화, 서울, 더불어민주당, 대표는, 대통령의"
김문수,오마이뉴스,"김문수, 국민의힘, 이재명, 이준석, 서울, 윤석열, 민주당, 개혁신당, 열린, 지지를"
김문수,경향신문,"이재명, 이준석, 국민의힘, 김문수, 서울, 더불어민주당, 윤석열, 개혁신당, 권영국, 위해"
김문수,중앙일보,"이재명, 이준석, 김문수, 국민의힘, 개혁신당, 서울, 더불어민주당, 단일화, 기자, 포인트"
김문수,동아일보,"이재명, 이준석, 국민의힘, 김문수, 단일화, 서울, 대통령의, 개혁신당, 포인트, 더불어민주당"
